{
  "AWSEBDockerrunVersion": 2,
  "volumes": [
  ],
  "containerDefinitions": [
    {
      "name": "ui",
      "image": "939102736904.dkr.ecr.eu-west-1.amazonaws.com/scopethis_ui:latest",
      "essential": true,
      "memory": 1536
    },
    {
      "name": "nginx",
      "image": "939102736904.dkr.ecr.eu-west-1.amazonaws.com/scopethis_ui_nginx:latest",
      "essential": true,
      "memory": 128,
      "portMappings": [
        {
          "hostPort": 80,
          "containerPort": 80
        }
      ],
      "links": [
        "ui"
      ]
    }
  ]
}
